{
    "accuracy": 0.7780952380952383,
    "scores": [
        0.8,
        0.8,
        0.6666666666666666,
        0.5333333333333333,
        0.8666666666666667,
        0.8,
        0.8666666666666667,
        0.7333333333333333,
        0.9285714285714286,
        0.7857142857142857,
        0.7333333333333333,
        0.8,
        0.8,
        0.5333333333333333,
        0.9333333333333333,
        0.8,
        0.8,
        0.8,
        0.8571428571428571,
        0.8571428571428571,
        0.9333333333333333,
        0.6666666666666666,
        0.6,
        0.8,
        0.7333333333333333,
        0.6666666666666666,
        0.8,
        0.7333333333333333,
        1.0,
        0.7142857142857143
    ],
    "scores_std": 0.10862710908617729,
    "classification_report": {
        "0.0": {
            "precision": 1.0,
            "recall": 0.75,
            "f1-score": 0.8571428571428571,
            "support": 24
        },
        "1.0": {
            "precision": 0.7,
            "recall": 1.0,
            "f1-score": 0.8235294117647058,
            "support": 14
        },
        "accuracy": 0.8421052631578947,
        "macro avg": {
            "precision": 0.85,
            "recall": 0.875,
            "f1-score": 0.8403361344537814,
            "support": 38
        },
        "weighted avg": {
            "precision": 0.8894736842105262,
            "recall": 0.8421052631578947,
            "f1-score": 0.8447589562140646,
            "support": 38
        }
    }
}